分拣中心,日期,货量
SC48,2023/12/01,755
SC48,2023/12/02,790
SC48,2023/12/03,790
SC48,2023/12/04,790
SC48,2023/12/05,790
SC48,2023/12/06,790
SC48,2023/12/07,790
SC48,2023/12/08,790
SC48,2023/12/09,790
SC48,2023/12/10,790
SC48,2023/12/11,790
SC48,2023/12/12,790
SC48,2023/12/13,790
SC48,2023/12/14,790
SC48,2023/12/15,790
SC48,2023/12/16,790
SC48,2023/12/17,790
SC48,2023/12/18,790
SC48,2023/12/19,790
SC48,2023/12/20,790
SC48,2023/12/21,790
SC48,2023/12/22,790
SC48,2023/12/23,790
SC48,2023/12/24,790
SC48,2023/12/25,790
SC48,2023/12/26,790
SC48,2023/12/27,790
SC48,2023/12/28,790
SC48,2023/12/29,790
SC48,2023/12/30,790
SC61,2023/12/01,730
SC61,2023/12/02,798
SC61,2023/12/03,842
SC61,2023/12/04,870
SC61,2023/12/05,888
SC61,2023/12/06,899
SC61,2023/12/07,907
SC61,2023/12/08,911
SC61,2023/12/09,914
SC61,2023/12/10,916
SC61,2023/12/11,917
SC61,2023/12/12,918
SC61,2023/12/13,919
SC61,2023/12/14,919
SC61,2023/12/15,919
SC61,2023/12/16,919
SC61,2023/12/17,919
SC61,2023/12/18,920
SC61,2023/12/19,920
SC61,2023/12/20,920
SC61,2023/12/21,920
SC61,2023/12/22,920
SC61,2023/12/23,920
SC61,2023/12/24,920
SC61,2023/12/25,920
SC61,2023/12/26,920
SC61,2023/12/27,920
SC61,2023/12/28,920
SC61,2023/12/29,920
SC61,2023/12/30,920
SC63,2023/12/01,2884
SC63,2023/12/02,2506
SC63,2023/12/03,2506
SC63,2023/12/04,2506
SC63,2023/12/05,2506
SC63,2023/12/06,2506
SC63,2023/12/07,2506
SC63,2023/12/08,2506
SC63,2023/12/09,2506
SC63,2023/12/10,2506
SC63,2023/12/11,2506
SC63,2023/12/12,2506
SC63,2023/12/13,2506
SC63,2023/12/14,2506
SC63,2023/12/15,2506
SC63,2023/12/16,2506
SC63,2023/12/17,2506
SC63,2023/12/18,2506
SC63,2023/12/19,2506
SC63,2023/12/20,2506
SC63,2023/12/21,2506
SC63,2023/12/22,2506
SC63,2023/12/23,2506
SC63,2023/12/24,2506
SC63,2023/12/25,2506
SC63,2023/12/26,2506
SC63,2023/12/27,2506
SC63,2023/12/28,2506
SC63,2023/12/29,2506
SC63,2023/12/30,2506
SC54,2023/12/01,9340
SC54,2023/12/02,9708
SC54,2023/12/03,9873
SC54,2023/12/04,10020
SC54,2023/12/05,10155
SC54,2023/12/06,10248
SC54,2023/12/07,10307
SC54,2023/12/08,10350
SC54,2023/12/09,10384
SC54,2023/12/10,10409
SC54,2023/12/11,10426
SC54,2023/12/12,10438
SC54,2023/12/13,10447
SC54,2023/12/14,10454
SC54,2023/12/15,10458
SC54,2023/12/16,10462
SC54,2023/12/17,10464
SC54,2023/12/18,10466
SC54,2023/12/19,10467
SC54,2023/12/20,10468
SC54,2023/12/21,10469
SC54,2023/12/22,10469
SC54,2023/12/23,10470
SC54,2023/12/24,10470
SC54,2023/12/25,10470
SC54,2023/12/26,10470
SC54,2023/12/27,10470
SC54,2023/12/28,10471
SC54,2023/12/29,10471
SC54,2023/12/30,10471
SC68,2023/12/01,1448
SC68,2023/12/02,1448
SC68,2023/12/03,1448
SC68,2023/12/04,1448
SC68,2023/12/05,1448
SC68,2023/12/06,1448
SC68,2023/12/07,1448
SC68,2023/12/08,1448
SC68,2023/12/09,1448
SC68,2023/12/10,1448
SC68,2023/12/11,1448
SC68,2023/12/12,1448
SC68,2023/12/13,1448
SC68,2023/12/14,1448
SC68,2023/12/15,1448
SC68,2023/12/16,1448
SC68,2023/12/17,1448
SC68,2023/12/18,1448
SC68,2023/12/19,1448
SC68,2023/12/20,1448
SC68,2023/12/21,1448
SC68,2023/12/22,1448
SC68,2023/12/23,1448
SC68,2023/12/24,1448
SC68,2023/12/25,1448
SC68,2023/12/26,1448
SC68,2023/12/27,1448
SC68,2023/12/28,1448
SC68,2023/12/29,1448
SC68,2023/12/30,1448
SC44,2023/12/01,16945
SC44,2023/12/02,16945
SC44,2023/12/03,16945
SC44,2023/12/04,16945
SC44,2023/12/05,16945
SC44,2023/12/06,16945
SC44,2023/12/07,16945
SC44,2023/12/08,16945
SC44,2023/12/09,16945
SC44,2023/12/10,16945
SC44,2023/12/11,16945
SC44,2023/12/12,16945
SC44,2023/12/13,16945
SC44,2023/12/14,16945
SC44,2023/12/15,16945
SC44,2023/12/16,16945
SC44,2023/12/17,16945
SC44,2023/12/18,16945
SC44,2023/12/19,16945
SC44,2023/12/20,16945
SC44,2023/12/21,16945
SC44,2023/12/22,16945
SC44,2023/12/23,16945
SC44,2023/12/24,16945
SC44,2023/12/25,16945
SC44,2023/12/26,16945
SC44,2023/12/27,16945
SC44,2023/12/28,16945
SC44,2023/12/29,16945
SC44,2023/12/30,16945
SC15,2023/12/01,5230
SC15,2023/12/02,4706
SC15,2023/12/03,4506
SC15,2023/12/04,4506
SC15,2023/12/05,4506
SC15,2023/12/06,4506
SC15,2023/12/07,4506
SC15,2023/12/08,4506
SC15,2023/12/09,4506
SC15,2023/12/10,4506
SC15,2023/12/11,4506
SC15,2023/12/12,4506
SC15,2023/12/13,4506
SC15,2023/12/14,4506
SC15,2023/12/15,4506
SC15,2023/12/16,4506
SC15,2023/12/17,4506
SC15,2023/12/18,4506
SC15,2023/12/19,4506
SC15,2023/12/20,4506
SC15,2023/12/21,4506
SC15,2023/12/22,4506
SC15,2023/12/23,4506
SC15,2023/12/24,4506
SC15,2023/12/25,4506
SC15,2023/12/26,4506
SC15,2023/12/27,4506
SC15,2023/12/28,4506
SC15,2023/12/29,4506
SC15,2023/12/30,4506
SC66,2023/12/01,748
SC66,2023/12/02,746
SC66,2023/12/03,745
SC66,2023/12/04,745
SC66,2023/12/05,745
SC66,2023/12/06,745
SC66,2023/12/07,745
SC66,2023/12/08,745
SC66,2023/12/09,745
SC66,2023/12/10,745
SC66,2023/12/11,745
SC66,2023/12/12,745
SC66,2023/12/13,745
SC66,2023/12/14,745
SC66,2023/12/15,745
SC66,2023/12/16,745
SC66,2023/12/17,745
SC66,2023/12/18,745
SC66,2023/12/19,745
SC66,2023/12/20,745
SC66,2023/12/21,745
SC66,2023/12/22,745
SC66,2023/12/23,745
SC66,2023/12/24,745
SC66,2023/12/25,745
SC66,2023/12/26,745
SC66,2023/12/27,745
SC66,2023/12/28,745
SC66,2023/12/29,745
SC66,2023/12/30,745
SC9,2023/12/01,27331
SC9,2023/12/02,27331
SC9,2023/12/03,27331
SC9,2023/12/04,27331
SC9,2023/12/05,27331
SC9,2023/12/06,27331
SC9,2023/12/07,27331
SC9,2023/12/08,27331
SC9,2023/12/09,27331
SC9,2023/12/10,27331
SC9,2023/12/11,27331
SC9,2023/12/12,27331
SC9,2023/12/13,27331
SC9,2023/12/14,27331
SC9,2023/12/15,27331
SC9,2023/12/16,27331
SC9,2023/12/17,27331
SC9,2023/12/18,27331
SC9,2023/12/19,27331
SC9,2023/12/20,27331
SC9,2023/12/21,27331
SC9,2023/12/22,27331
SC9,2023/12/23,27331
SC9,2023/12/24,27331
SC9,2023/12/25,27331
SC9,2023/12/26,27331
SC9,2023/12/27,27331
SC9,2023/12/28,27331
SC9,2023/12/29,27331
SC9,2023/12/30,27331
SC53,2023/12/01,32718
SC53,2023/12/02,32718
SC53,2023/12/03,32718
SC53,2023/12/04,32718
SC53,2023/12/05,32718
SC53,2023/12/06,32718
SC53,2023/12/07,32718
SC53,2023/12/08,32718
SC53,2023/12/09,32718
SC53,2023/12/10,32718
SC53,2023/12/11,32718
SC53,2023/12/12,32718
SC53,2023/12/13,32718
SC53,2023/12/14,32718
SC53,2023/12/15,32718
SC53,2023/12/16,32718
SC53,2023/12/17,32718
SC53,2023/12/18,32718
SC53,2023/12/19,32718
SC53,2023/12/20,32718
SC53,2023/12/21,32718
SC53,2023/12/22,32718
SC53,2023/12/23,32718
SC53,2023/12/24,32718
SC53,2023/12/25,32718
SC53,2023/12/26,32718
SC53,2023/12/27,32718
SC53,2023/12/28,32718
SC53,2023/12/29,32718
SC53,2023/12/30,32718
SC38,2023/12/01,3469
SC38,2023/12/02,3359
SC38,2023/12/03,3509
SC38,2023/12/04,3748
SC38,2023/12/05,3855
SC38,2023/12/06,4192
SC38,2023/12/07,4371
SC38,2023/12/08,4486
SC38,2023/12/09,4459
SC38,2023/12/10,4427
SC38,2023/12/11,4394
SC38,2023/12/12,4358
SC38,2023/12/13,4385
SC38,2023/12/14,4373
SC38,2023/12/15,4341
SC38,2023/12/16,4304
SC38,2023/12/17,4271
SC38,2023/12/18,4247
SC38,2023/12/19,4233
SC38,2023/12/20,4228
SC38,2023/12/21,4229
SC38,2023/12/22,4234
SC38,2023/12/23,4239
SC38,2023/12/24,4244
SC38,2023/12/25,4248
SC38,2023/12/26,4250
SC38,2023/12/27,4251
SC38,2023/12/28,4251
SC38,2023/12/29,4250
SC38,2023/12/30,4249
SC20,2023/12/01,68
SC20,2023/12/02,180
SC20,2023/12/03,128
SC20,2023/12/04,183
SC20,2023/12/05,172
SC20,2023/12/06,197
SC20,2023/12/07,200
SC20,2023/12/08,213
SC20,2023/12/09,210
SC20,2023/12/10,215
SC20,2023/12/11,216
SC20,2023/12/12,222
SC20,2023/12/13,222
SC20,2023/12/14,217
SC20,2023/12/15,220
SC20,2023/12/16,218
SC20,2023/12/17,220
SC20,2023/12/18,219
SC20,2023/12/19,219
SC20,2023/12/20,219
SC20,2023/12/21,219
SC20,2023/12/22,219
SC20,2023/12/23,219
SC20,2023/12/24,219
SC20,2023/12/25,219
SC20,2023/12/26,219
SC20,2023/12/27,219
SC20,2023/12/28,219
SC20,2023/12/29,219
SC20,2023/12/30,219
SC39,2023/12/01,2288
SC39,2023/12/02,2519
SC39,2023/12/03,2491
SC39,2023/12/04,2524
SC39,2023/12/05,2550
SC39,2023/12/06,2560
SC39,2023/12/07,2585
SC39,2023/12/08,2593
SC39,2023/12/09,2612
SC39,2023/12/10,2618
SC39,2023/12/11,2633
SC39,2023/12/12,2638
SC39,2023/12/13,2649
SC39,2023/12/14,2653
SC39,2023/12/15,2662
SC39,2023/12/16,2665
SC39,2023/12/17,2672
SC39,2023/12/18,2675
SC39,2023/12/19,2679
SC39,2023/12/20,2682
SC39,2023/12/21,2686
SC39,2023/12/22,2687
SC39,2023/12/23,2690
SC39,2023/12/24,2692
SC39,2023/12/25,2694
SC39,2023/12/26,2695
SC39,2023/12/27,2697
SC39,2023/12/28,2698
SC39,2023/12/29,2699
SC39,2023/12/30,2700
SC47,2023/12/01,45025
SC47,2023/12/02,45519
SC47,2023/12/03,45746
SC47,2023/12/04,45838
SC47,2023/12/05,45872
SC47,2023/12/06,45884
SC47,2023/12/07,45887
SC47,2023/12/08,45888
SC47,2023/12/09,45889
SC47,2023/12/10,45889
SC47,2023/12/11,45889
SC47,2023/12/12,45889
SC47,2023/12/13,45889
SC47,2023/12/14,45889
SC47,2023/12/15,45889
SC47,2023/12/16,45889
SC47,2023/12/17,45889
SC47,2023/12/18,45889
SC47,2023/12/19,45889
SC47,2023/12/20,45889
SC47,2023/12/21,45889
SC47,2023/12/22,45889
SC47,2023/12/23,45889
SC47,2023/12/24,45889
SC47,2023/12/25,45889
SC47,2023/12/26,45889
SC47,2023/12/27,45889
SC47,2023/12/28,45889
SC47,2023/12/29,45889
SC47,2023/12/30,45889
SC8,2023/12/01,39118
SC8,2023/12/02,39270
SC8,2023/12/03,39314
SC8,2023/12/04,39326
SC8,2023/12/05,39330
SC8,2023/12/06,39331
SC8,2023/12/07,39331
SC8,2023/12/08,39331
SC8,2023/12/09,39331
SC8,2023/12/10,39331
SC8,2023/12/11,39331
SC8,2023/12/12,39331
SC8,2023/12/13,39331
SC8,2023/12/14,39331
SC8,2023/12/15,39331
SC8,2023/12/16,39331
SC8,2023/12/17,39331
SC8,2023/12/18,39331
SC8,2023/12/19,39331
SC8,2023/12/20,39331
SC8,2023/12/21,39331
SC8,2023/12/22,39331
SC8,2023/12/23,39331
SC8,2023/12/24,39331
SC8,2023/12/25,39331
SC8,2023/12/26,39331
SC8,2023/12/27,39331
SC8,2023/12/28,39331
SC8,2023/12/29,39331
SC8,2023/12/30,39331
SC43,2023/12/01,3519
SC43,2023/12/02,3730
SC43,2023/12/03,3812
SC43,2023/12/04,3844
SC43,2023/12/05,3856
SC43,2023/12/06,3861
SC43,2023/12/07,3863
SC43,2023/12/08,3863
SC43,2023/12/09,3864
SC43,2023/12/10,3864
SC43,2023/12/11,3864
SC43,2023/12/12,3864
SC43,2023/12/13,3864
SC43,2023/12/14,3864
SC43,2023/12/15,3864
SC43,2023/12/16,3864
SC43,2023/12/17,3864
SC43,2023/12/18,3864
SC43,2023/12/19,3864
SC43,2023/12/20,3864
SC43,2023/12/21,3864
SC43,2023/12/22,3864
SC43,2023/12/23,3864
SC43,2023/12/24,3864
SC43,2023/12/25,3864
SC43,2023/12/26,3864
SC43,2023/12/27,3864
SC43,2023/12/28,3864
SC43,2023/12/29,3864
SC43,2023/12/30,3864
SC52,2023/12/01,3920
SC52,2023/12/02,4012
SC52,2023/12/03,4004
SC52,2023/12/04,4004
SC52,2023/12/05,4004
SC52,2023/12/06,4004
SC52,2023/12/07,4004
SC52,2023/12/08,4004
SC52,2023/12/09,4004
SC52,2023/12/10,4004
SC52,2023/12/11,4004
SC52,2023/12/12,4004
SC52,2023/12/13,4004
SC52,2023/12/14,4004
SC52,2023/12/15,4004
SC52,2023/12/16,4004
SC52,2023/12/17,4004
SC52,2023/12/18,4004
SC52,2023/12/19,4004
SC52,2023/12/20,4004
SC52,2023/12/21,4004
SC52,2023/12/22,4004
SC52,2023/12/23,4004
SC52,2023/12/24,4004
SC52,2023/12/25,4004
SC52,2023/12/26,4004
SC52,2023/12/27,4004
SC52,2023/12/28,4004
SC52,2023/12/29,4004
SC52,2023/12/30,4004
SC31,2023/12/01,11619
SC31,2023/12/02,11619
SC31,2023/12/03,11619
SC31,2023/12/04,11619
SC31,2023/12/05,11619
SC31,2023/12/06,11619
SC31,2023/12/07,11619
SC31,2023/12/08,11619
SC31,2023/12/09,11619
SC31,2023/12/10,11619
SC31,2023/12/11,11619
SC31,2023/12/12,11619
SC31,2023/12/13,11619
SC31,2023/12/14,11619
SC31,2023/12/15,11619
SC31,2023/12/16,11619
SC31,2023/12/17,11619
SC31,2023/12/18,11619
SC31,2023/12/19,11619
SC31,2023/12/20,11619
SC31,2023/12/21,11619
SC31,2023/12/22,11619
SC31,2023/12/23,11619
SC31,2023/12/24,11619
SC31,2023/12/25,11619
SC31,2023/12/26,11619
SC31,2023/12/27,11619
SC31,2023/12/28,11619
SC31,2023/12/29,11619
SC31,2023/12/30,11619
SC21,2023/12/01,2091
SC21,2023/12/02,2091
SC21,2023/12/03,2091
SC21,2023/12/04,2091
SC21,2023/12/05,2091
SC21,2023/12/06,2091
SC21,2023/12/07,2091
SC21,2023/12/08,2091
SC21,2023/12/09,2091
SC21,2023/12/10,2091
SC21,2023/12/11,2091
SC21,2023/12/12,2091
SC21,2023/12/13,2091
SC21,2023/12/14,2091
SC21,2023/12/15,2091
SC21,2023/12/16,2091
SC21,2023/12/17,2091
SC21,2023/12/18,2091
SC21,2023/12/19,2091
SC21,2023/12/20,2091
SC21,2023/12/21,2091
SC21,2023/12/22,2091
SC21,2023/12/23,2091
SC21,2023/12/24,2091
SC21,2023/12/25,2091
SC21,2023/12/26,2091
SC21,2023/12/27,2091
SC21,2023/12/28,2091
SC21,2023/12/29,2091
SC21,2023/12/30,2091
SC49,2023/12/01,6439
SC49,2023/12/02,6439
SC49,2023/12/03,6439
SC49,2023/12/04,6439
SC49,2023/12/05,6439
SC49,2023/12/06,6439
SC49,2023/12/07,6439
SC49,2023/12/08,6439
SC49,2023/12/09,6439
SC49,2023/12/10,6439
SC49,2023/12/11,6439
SC49,2023/12/12,6439
SC49,2023/12/13,6439
SC49,2023/12/14,6439
SC49,2023/12/15,6439
SC49,2023/12/16,6439
SC49,2023/12/17,6439
SC49,2023/12/18,6439
SC49,2023/12/19,6439
SC49,2023/12/20,6439
SC49,2023/12/21,6439
SC49,2023/12/22,6439
SC49,2023/12/23,6439
SC49,2023/12/24,6439
SC49,2023/12/25,6439
SC49,2023/12/26,6439
SC49,2023/12/27,6439
SC49,2023/12/28,6439
SC49,2023/12/29,6439
SC49,2023/12/30,6439
SC37,2023/12/01,854
SC37,2023/12/02,874
SC37,2023/12/03,929
SC37,2023/12/04,905
SC37,2023/12/05,848
SC37,2023/12/06,907
SC37,2023/12/07,579
SC37,2023/12/08,838
SC37,2023/12/09,813
SC37,2023/12/10,678
SC37,2023/12/11,791
SC37,2023/12/12,798
SC37,2023/12/13,832
SC37,2023/12/14,833
SC37,2023/12/15,833
SC37,2023/12/16,833
SC37,2023/12/17,833
SC37,2023/12/18,833
SC37,2023/12/19,833
SC37,2023/12/20,833
SC37,2023/12/21,833
SC37,2023/12/22,833
SC37,2023/12/23,833
SC37,2023/12/24,833
SC37,2023/12/25,833
SC37,2023/12/26,833
SC37,2023/12/27,833
SC37,2023/12/28,833
SC37,2023/12/29,833
SC37,2023/12/30,833
SC29,2023/12/01,6114
SC29,2023/12/02,7265
SC29,2023/12/03,6384
SC29,2023/12/04,7167
SC29,2023/12/05,6514
SC29,2023/12/06,7135
SC29,2023/12/07,6610
SC29,2023/12/08,7123
SC29,2023/12/09,6693
SC29,2023/12/10,7121
SC29,2023/12/11,6767
SC29,2023/12/12,7126
SC29,2023/12/13,6835
SC29,2023/12/14,7136
SC29,2023/12/15,6899
SC29,2023/12/16,7152
SC29,2023/12/17,6957
SC29,2023/12/18,7171
SC29,2023/12/19,7013
SC29,2023/12/20,7193
SC29,2023/12/21,7065
SC29,2023/12/22,7218
SC29,2023/12/23,7115
SC29,2023/12/24,7245
SC29,2023/12/25,7163
SC29,2023/12/26,7274
SC29,2023/12/27,7209
SC29,2023/12/28,7305
SC29,2023/12/29,7254
SC29,2023/12/30,7337
SC5,2023/12/01,21505
SC5,2023/12/02,21505
SC5,2023/12/03,21505
SC5,2023/12/04,21505
SC5,2023/12/05,21505
SC5,2023/12/06,21505
SC5,2023/12/07,21505
SC5,2023/12/08,21505
SC5,2023/12/09,21505
SC5,2023/12/10,21505
SC5,2023/12/11,21505
SC5,2023/12/12,21505
SC5,2023/12/13,21505
SC5,2023/12/14,21505
SC5,2023/12/15,21505
SC5,2023/12/16,21505
SC5,2023/12/17,21505
SC5,2023/12/18,21505
SC5,2023/12/19,21505
SC5,2023/12/20,21505
SC5,2023/12/21,21505
SC5,2023/12/22,21505
SC5,2023/12/23,21505
SC5,2023/12/24,21505
SC5,2023/12/25,21505
SC5,2023/12/26,21505
SC5,2023/12/27,21505
SC5,2023/12/28,21505
SC5,2023/12/29,21505
SC5,2023/12/30,21505
SC23,2023/12/01,3812
SC23,2023/12/02,3812
SC23,2023/12/03,3812
SC23,2023/12/04,3812
SC23,2023/12/05,3812
SC23,2023/12/06,3812
SC23,2023/12/07,3812
SC23,2023/12/08,3812
SC23,2023/12/09,3812
SC23,2023/12/10,3812
SC23,2023/12/11,3812
SC23,2023/12/12,3812
SC23,2023/12/13,3812
SC23,2023/12/14,3812
SC23,2023/12/15,3812
SC23,2023/12/16,3812
SC23,2023/12/17,3812
SC23,2023/12/18,3812
SC23,2023/12/19,3812
SC23,2023/12/20,3812
SC23,2023/12/21,3812
SC23,2023/12/22,3812
SC23,2023/12/23,3812
SC23,2023/12/24,3812
SC23,2023/12/25,3812
SC23,2023/12/26,3812
SC23,2023/12/27,3812
SC23,2023/12/28,3812
SC23,2023/12/29,3812
SC23,2023/12/30,3812
SC16,2023/12/01,2218
SC16,2023/12/02,2140
SC16,2023/12/03,2193
SC16,2023/12/04,2190
SC16,2023/12/05,2043
SC16,2023/12/06,2185
SC16,2023/12/07,2186
SC16,2023/12/08,2176
SC16,2023/12/09,2274
SC16,2023/12/10,2268
SC16,2023/12/11,2261
SC16,2023/12/12,2310
SC16,2023/12/13,2313
SC16,2023/12/14,2297
SC16,2023/12/15,2295
SC16,2023/12/16,2301
SC16,2023/12/17,2301
SC16,2023/12/18,2299
SC16,2023/12/19,2299
SC16,2023/12/20,2300
SC16,2023/12/21,2300
SC16,2023/12/22,2300
SC16,2023/12/23,2300
SC16,2023/12/24,2300
SC16,2023/12/25,2300
SC16,2023/12/26,2300
SC16,2023/12/27,2300
SC16,2023/12/28,2300
SC16,2023/12/29,2300
SC16,2023/12/30,2300
SC36,2023/12/01,755
SC36,2023/12/02,763
SC36,2023/12/03,736
SC36,2023/12/04,715
SC36,2023/12/05,678
SC36,2023/12/06,728
SC36,2023/12/07,772
SC36,2023/12/08,756
SC36,2023/12/09,735
SC36,2023/12/10,729
SC36,2023/12/11,711
SC36,2023/12/12,711
SC36,2023/12/13,714
SC36,2023/12/14,715
SC36,2023/12/15,716
SC36,2023/12/16,716
SC36,2023/12/17,716
SC36,2023/12/18,716
SC36,2023/12/19,717
SC36,2023/12/20,717
SC36,2023/12/21,717
SC36,2023/12/22,717
SC36,2023/12/23,717
SC36,2023/12/24,717
SC36,2023/12/25,717
SC36,2023/12/26,717
SC36,2023/12/27,717
SC36,2023/12/28,717
SC36,2023/12/29,717
SC36,2023/12/30,717
SC57,2023/12/01,8729
SC57,2023/12/02,8807
SC57,2023/12/03,8844
SC57,2023/12/04,8861
SC57,2023/12/05,8870
SC57,2023/12/06,8874
SC57,2023/12/07,8876
SC57,2023/12/08,8877
SC57,2023/12/09,8877
SC57,2023/12/10,8877
SC57,2023/12/11,8877
SC57,2023/12/12,8877
SC57,2023/12/13,8877
SC57,2023/12/14,8877
SC57,2023/12/15,8877
SC57,2023/12/16,8877
SC57,2023/12/17,8877
SC57,2023/12/18,8877
SC57,2023/12/19,8877
SC57,2023/12/20,8877
SC57,2023/12/21,8877
SC57,2023/12/22,8877
SC57,2023/12/23,8877
SC57,2023/12/24,8877
SC57,2023/12/25,8877
SC57,2023/12/26,8877
SC57,2023/12/27,8877
SC57,2023/12/28,8877
SC57,2023/12/29,8877
SC57,2023/12/30,8877
SC2,2023/12/01,8601
SC2,2023/12/02,8421
SC2,2023/12/03,8421
SC2,2023/12/04,8421
SC2,2023/12/05,8421
SC2,2023/12/06,8421
SC2,2023/12/07,8421
SC2,2023/12/08,8421
SC2,2023/12/09,8421
SC2,2023/12/10,8421
SC2,2023/12/11,8421
SC2,2023/12/12,8421
SC2,2023/12/13,8421
SC2,2023/12/14,8421
SC2,2023/12/15,8421
SC2,2023/12/16,8421
SC2,2023/12/17,8421
SC2,2023/12/18,8421
SC2,2023/12/19,8421
SC2,2023/12/20,8421
SC2,2023/12/21,8421
SC2,2023/12/22,8421
SC2,2023/12/23,8421
SC2,2023/12/24,8421
SC2,2023/12/25,8421
SC2,2023/12/26,8421
SC2,2023/12/27,8421
SC2,2023/12/28,8421
SC2,2023/12/29,8421
SC2,2023/12/30,8421
SC12,2023/12/01,4318
SC12,2023/12/02,4581
SC12,2023/12/03,4648
SC12,2023/12/04,4648
SC12,2023/12/05,4648
SC12,2023/12/06,4648
SC12,2023/12/07,4648
SC12,2023/12/08,4648
SC12,2023/12/09,4648
SC12,2023/12/10,4648
SC12,2023/12/11,4648
SC12,2023/12/12,4648
SC12,2023/12/13,4648
SC12,2023/12/14,4648
SC12,2023/12/15,4648
SC12,2023/12/16,4648
SC12,2023/12/17,4648
SC12,2023/12/18,4648
SC12,2023/12/19,4648
SC12,2023/12/20,4648
SC12,2023/12/21,4648
SC12,2023/12/22,4648
SC12,2023/12/23,4648
SC12,2023/12/24,4648
SC12,2023/12/25,4648
SC12,2023/12/26,4648
SC12,2023/12/27,4648
SC12,2023/12/28,4648
SC12,2023/12/29,4648
SC12,2023/12/30,4648
SC18,2023/12/01,6320
SC18,2023/12/02,6359
SC18,2023/12/03,6384
SC18,2023/12/04,6398
SC18,2023/12/05,6408
SC18,2023/12/06,6413
SC18,2023/12/07,6417
SC18,2023/12/08,6419
SC18,2023/12/09,6420
SC18,2023/12/10,6421
SC18,2023/12/11,6421
SC18,2023/12/12,6422
SC18,2023/12/13,6422
SC18,2023/12/14,6422
SC18,2023/12/15,6422
SC18,2023/12/16,6422
SC18,2023/12/17,6422
SC18,2023/12/18,6422
SC18,2023/12/19,6422
SC18,2023/12/20,6422
SC18,2023/12/21,6422
SC18,2023/12/22,6422
SC18,2023/12/23,6422
SC18,2023/12/24,6422
SC18,2023/12/25,6422
SC18,2023/12/26,6422
SC18,2023/12/27,6422
SC18,2023/12/28,6422
SC18,2023/12/29,6422
SC18,2023/12/30,6422
SC19,2023/12/01,8104
SC19,2023/12/02,7948
SC19,2023/12/03,8200
SC19,2023/12/04,8506
SC19,2023/12/05,8200
SC19,2023/12/06,8539
SC19,2023/12/07,8729
SC19,2023/12/08,9215
SC19,2023/12/09,8894
SC19,2023/12/10,8839
SC19,2023/12/11,9006
SC19,2023/12/12,8899
SC19,2023/12/13,8822
SC19,2023/12/14,8770
SC19,2023/12/15,8734
SC19,2023/12/16,8710
SC19,2023/12/17,8694
SC19,2023/12/18,8683
SC19,2023/12/19,8675
SC19,2023/12/20,8670
SC19,2023/12/21,8667
SC19,2023/12/22,8664
SC19,2023/12/23,8663
SC19,2023/12/24,8662
SC19,2023/12/25,8661
SC19,2023/12/26,8660
SC19,2023/12/27,8660
SC19,2023/12/28,8660
SC19,2023/12/29,8660
SC19,2023/12/30,8659
SC58,2023/12/01,842
SC58,2023/12/02,852
SC58,2023/12/03,857
SC58,2023/12/04,861
SC58,2023/12/05,862
SC58,2023/12/06,864
SC58,2023/12/07,864
SC58,2023/12/08,865
SC58,2023/12/09,865
SC58,2023/12/10,865
SC58,2023/12/11,865
SC58,2023/12/12,865
SC58,2023/12/13,865
SC58,2023/12/14,865
SC58,2023/12/15,865
SC58,2023/12/16,865
SC58,2023/12/17,865
SC58,2023/12/18,865
SC58,2023/12/19,865
SC58,2023/12/20,865
SC58,2023/12/21,865
SC58,2023/12/22,865
SC58,2023/12/23,865
SC58,2023/12/24,865
SC58,2023/12/25,865
SC58,2023/12/26,865
SC58,2023/12/27,865
SC58,2023/12/28,865
SC58,2023/12/29,865
SC58,2023/12/30,865
SC27,2023/12/01,4149
SC27,2023/12/02,4294
SC27,2023/12/03,4381
SC27,2023/12/04,4434
SC27,2023/12/05,4466
SC27,2023/12/06,4485
SC27,2023/12/07,4497
SC27,2023/12/08,4504
SC27,2023/12/09,4508
SC27,2023/12/10,4511
SC27,2023/12/11,4512
SC27,2023/12/12,4513
SC27,2023/12/13,4514
SC27,2023/12/14,4514
SC27,2023/12/15,4514
SC27,2023/12/16,4514
SC27,2023/12/17,4514
SC27,2023/12/18,4514
SC27,2023/12/19,4514
SC27,2023/12/20,4514
SC27,2023/12/21,4514
SC27,2023/12/22,4514
SC27,2023/12/23,4514
SC27,2023/12/24,4514
SC27,2023/12/25,4514
SC27,2023/12/26,4514
SC27,2023/12/27,4514
SC27,2023/12/28,4514
SC27,2023/12/29,4514
SC27,2023/12/30,4514
SC1,2023/12/01,44960
SC1,2023/12/02,45468
SC1,2023/12/03,44115
SC1,2023/12/04,45540
SC1,2023/12/05,44222
SC1,2023/12/06,45403
SC1,2023/12/07,44354
SC1,2023/12/08,45283
SC1,2023/12/09,44461
SC1,2023/12/10,45188
SC1,2023/12/11,44545
SC1,2023/12/12,45114
SC1,2023/12/13,44610
SC1,2023/12/14,45056
SC1,2023/12/15,44661
SC1,2023/12/16,45011
SC1,2023/12/17,44702
SC1,2023/12/18,44975
SC1,2023/12/19,44733
SC1,2023/12/20,44947
SC1,2023/12/21,44758
SC1,2023/12/22,44925
SC1,2023/12/23,44777
SC1,2023/12/24,44908
SC1,2023/12/25,44792
SC1,2023/12/26,44895
SC1,2023/12/27,44804
SC1,2023/12/28,44885
SC1,2023/12/29,44813
SC1,2023/12/30,44876
SC46,2023/12/01,2885
SC46,2023/12/02,2553
SC46,2023/12/03,2491
SC46,2023/12/04,2445
SC46,2023/12/05,2410
SC46,2023/12/06,2384
SC46,2023/12/07,2364
SC46,2023/12/08,2349
SC46,2023/12/09,2338
SC46,2023/12/10,2330
SC46,2023/12/11,2323
SC46,2023/12/12,2319
SC46,2023/12/13,2315
SC46,2023/12/14,2312
SC46,2023/12/15,2310
SC46,2023/12/16,2309
SC46,2023/12/17,2307
SC46,2023/12/18,2307
SC46,2023/12/19,2306
SC46,2023/12/20,2305
SC46,2023/12/21,2305
SC46,2023/12/22,2305
SC46,2023/12/23,2305
SC46,2023/12/24,2304
SC46,2023/12/25,2304
SC46,2023/12/26,2304
SC46,2023/12/27,2304
SC46,2023/12/28,2304
SC46,2023/12/29,2304
SC46,2023/12/30,2304
SC34,2023/12/01,9734
SC34,2023/12/02,9846
SC34,2023/12/03,9906
SC34,2023/12/04,9938
SC34,2023/12/05,9955
SC34,2023/12/06,9965
SC34,2023/12/07,9970
SC34,2023/12/08,9973
SC34,2023/12/09,9974
SC34,2023/12/10,9975
SC34,2023/12/11,9975
SC34,2023/12/12,9976
SC34,2023/12/13,9976
SC34,2023/12/14,9976
SC34,2023/12/15,9976
SC34,2023/12/16,9976
SC34,2023/12/17,9976
SC34,2023/12/18,9976
SC34,2023/12/19,9976
SC34,2023/12/20,9976
SC34,2023/12/21,9976
SC34,2023/12/22,9976
SC34,2023/12/23,9976
SC34,2023/12/24,9976
SC34,2023/12/25,9976
SC34,2023/12/26,9976
SC34,2023/12/27,9976
SC34,2023/12/28,9976
SC34,2023/12/29,9976
SC34,2023/12/30,9976
SC14,2023/12/01,1791
SC14,2023/12/02,1791
SC14,2023/12/03,1791
SC14,2023/12/04,1791
SC14,2023/12/05,1791
SC14,2023/12/06,1791
SC14,2023/12/07,1791
SC14,2023/12/08,1791
SC14,2023/12/09,1791
SC14,2023/12/10,1791
SC14,2023/12/11,1791
SC14,2023/12/12,1791
SC14,2023/12/13,1791
SC14,2023/12/14,1791
SC14,2023/12/15,1791
SC14,2023/12/16,1791
SC14,2023/12/17,1791
SC14,2023/12/18,1791
SC14,2023/12/19,1791
SC14,2023/12/20,1791
SC14,2023/12/21,1791
SC14,2023/12/22,1791
SC14,2023/12/23,1791
SC14,2023/12/24,1791
SC14,2023/12/25,1791
SC14,2023/12/26,1791
SC14,2023/12/27,1791
SC14,2023/12/28,1791
SC14,2023/12/29,1791
SC14,2023/12/30,1791
SC51,2023/12/01,11336
SC51,2023/12/02,11461
SC51,2023/12/03,11519
SC51,2023/12/04,11545
SC51,2023/12/05,11558
SC51,2023/12/06,11563
SC51,2023/12/07,11566
SC51,2023/12/08,11567
SC51,2023/12/09,11567
SC51,2023/12/10,11568
SC51,2023/12/11,11568
SC51,2023/12/12,11568
SC51,2023/12/13,11568
SC51,2023/12/14,11568
SC51,2023/12/15,11568
SC51,2023/12/16,11568
SC51,2023/12/17,11568
SC51,2023/12/18,11568
SC51,2023/12/19,11568
SC51,2023/12/20,11568
SC51,2023/12/21,11568
SC51,2023/12/22,11568
SC51,2023/12/23,11568
SC51,2023/12/24,11568
SC51,2023/12/25,11568
SC51,2023/12/26,11568
SC51,2023/12/27,11568
SC51,2023/12/28,11568
SC51,2023/12/29,11568
SC51,2023/12/30,11568
SC26,2023/12/01,4587
SC26,2023/12/02,4642
SC26,2023/12/03,4669
SC26,2023/12/04,4682
SC26,2023/12/05,4688
SC26,2023/12/06,4691
SC26,2023/12/07,4693
SC26,2023/12/08,4694
SC26,2023/12/09,4694
SC26,2023/12/10,4694
SC26,2023/12/11,4694
SC26,2023/12/12,4694
SC26,2023/12/13,4694
SC26,2023/12/14,4695
SC26,2023/12/15,4695
SC26,2023/12/16,4695
SC26,2023/12/17,4695
SC26,2023/12/18,4695
SC26,2023/12/19,4695
SC26,2023/12/20,4695
SC26,2023/12/21,4695
SC26,2023/12/22,4695
SC26,2023/12/23,4695
SC26,2023/12/24,4695
SC26,2023/12/25,4695
SC26,2023/12/26,4695
SC26,2023/12/27,4695
SC26,2023/12/28,4695
SC26,2023/12/29,4695
SC26,2023/12/30,4695
SC32,2023/12/01,3043
SC32,2023/12/02,3125
SC32,2023/12/03,3142
SC32,2023/12/04,3140
SC32,2023/12/05,3136
SC32,2023/12/06,3134
SC32,2023/12/07,3133
SC32,2023/12/08,3132
SC32,2023/12/09,3132
SC32,2023/12/10,3132
SC32,2023/12/11,3132
SC32,2023/12/12,3132
SC32,2023/12/13,3132
SC32,2023/12/14,3132
SC32,2023/12/15,3132
SC32,2023/12/16,3132
SC32,2023/12/17,3132
SC32,2023/12/18,3132
SC32,2023/12/19,3132
SC32,2023/12/20,3132
SC32,2023/12/21,3132
SC32,2023/12/22,3132
SC32,2023/12/23,3132
SC32,2023/12/24,3132
SC32,2023/12/25,3132
SC32,2023/12/26,3132
SC32,2023/12/27,3132
SC32,2023/12/28,3132
SC32,2023/12/29,3132
SC32,2023/12/30,3132
SC24,2023/12/01,5833
SC24,2023/12/02,6062
SC24,2023/12/03,6172
SC24,2023/12/04,6224
SC24,2023/12/05,6249
SC24,2023/12/06,6262
SC24,2023/12/07,6267
SC24,2023/12/08,6270
SC24,2023/12/09,6271
SC24,2023/12/10,6272
SC24,2023/12/11,6272
SC24,2023/12/12,6272
SC24,2023/12/13,6273
SC24,2023/12/14,6273
SC24,2023/12/15,6273
SC24,2023/12/16,6273
SC24,2023/12/17,6273
SC24,2023/12/18,6273
SC24,2023/12/19,6273
SC24,2023/12/20,6273
SC24,2023/12/21,6273
SC24,2023/12/22,6273
SC24,2023/12/23,6273
SC24,2023/12/24,6273
SC24,2023/12/25,6273
SC24,2023/12/26,6273
SC24,2023/12/27,6273
SC24,2023/12/28,6273
SC24,2023/12/29,6273
SC24,2023/12/30,6273
SC4,2023/12/01,21342
SC4,2023/12/02,21342
SC4,2023/12/03,21342
SC4,2023/12/04,21342
SC4,2023/12/05,21342
SC4,2023/12/06,21342
SC4,2023/12/07,21342
SC4,2023/12/08,21342
SC4,2023/12/09,21342
SC4,2023/12/10,21342
SC4,2023/12/11,21342
SC4,2023/12/12,21342
SC4,2023/12/13,21342
SC4,2023/12/14,21342
SC4,2023/12/15,21342
SC4,2023/12/16,21342
SC4,2023/12/17,21342
SC4,2023/12/18,21342
SC4,2023/12/19,21342
SC4,2023/12/20,21342
SC4,2023/12/21,21342
SC4,2023/12/22,21342
SC4,2023/12/23,21342
SC4,2023/12/24,21342
SC4,2023/12/25,21342
SC4,2023/12/26,21342
SC4,2023/12/27,21342
SC4,2023/12/28,21342
SC4,2023/12/29,21342
SC4,2023/12/30,21342
SC28,2023/12/01,1044
SC28,2023/12/02,1044
SC28,2023/12/03,1044
SC28,2023/12/04,1044
SC28,2023/12/05,1044
SC28,2023/12/06,1044
SC28,2023/12/07,1044
SC28,2023/12/08,1044
SC28,2023/12/09,1044
SC28,2023/12/10,1044
SC28,2023/12/11,1044
SC28,2023/12/12,1044
SC28,2023/12/13,1044
SC28,2023/12/14,1044
SC28,2023/12/15,1044
SC28,2023/12/16,1044
SC28,2023/12/17,1044
SC28,2023/12/18,1044
SC28,2023/12/19,1044
SC28,2023/12/20,1044
SC28,2023/12/21,1044
SC28,2023/12/22,1044
SC28,2023/12/23,1044
SC28,2023/12/24,1044
SC28,2023/12/25,1044
SC28,2023/12/26,1044
SC28,2023/12/27,1044
SC28,2023/12/28,1044
SC28,2023/12/29,1044
SC28,2023/12/30,1044
SC41,2023/12/01,1818
SC41,2023/12/02,1936
SC41,2023/12/03,1993
SC41,2023/12/04,2021
SC41,2023/12/05,2035
SC41,2023/12/06,2041
SC41,2023/12/07,2045
SC41,2023/12/08,2046
SC41,2023/12/09,2047
SC41,2023/12/10,2047
SC41,2023/12/11,2047
SC41,2023/12/12,2048
SC41,2023/12/13,2048
SC41,2023/12/14,2048
SC41,2023/12/15,2048
SC41,2023/12/16,2048
SC41,2023/12/17,2048
SC41,2023/12/18,2048
SC41,2023/12/19,2048
SC41,2023/12/20,2048
SC41,2023/12/21,2048
SC41,2023/12/22,2048
SC41,2023/12/23,2048
SC41,2023/12/24,2048
SC41,2023/12/25,2048
SC41,2023/12/26,2048
SC41,2023/12/27,2048
SC41,2023/12/28,2048
SC41,2023/12/29,2048
SC41,2023/12/30,2048
SC17,2023/12/01,18811
SC17,2023/12/02,18645
SC17,2023/12/03,18645
SC17,2023/12/04,18645
SC17,2023/12/05,18645
SC17,2023/12/06,18645
SC17,2023/12/07,18645
SC17,2023/12/08,18645
SC17,2023/12/09,18645
SC17,2023/12/10,18645
SC17,2023/12/11,18645
SC17,2023/12/12,18645
SC17,2023/12/13,18645
SC17,2023/12/14,18645
SC17,2023/12/15,18645
SC17,2023/12/16,18645
SC17,2023/12/17,18645
SC17,2023/12/18,18645
SC17,2023/12/19,18645
SC17,2023/12/20,18645
SC17,2023/12/21,18645
SC17,2023/12/22,18645
SC17,2023/12/23,18645
SC17,2023/12/24,18645
SC17,2023/12/25,18645
SC17,2023/12/26,18645
SC17,2023/12/27,18645
SC17,2023/12/28,18645
SC17,2023/12/29,18645
SC17,2023/12/30,18645
SC40,2023/12/01,3257
SC40,2023/12/02,3166
SC40,2023/12/03,3164
SC40,2023/12/04,3166
SC40,2023/12/05,3164
SC40,2023/12/06,3166
SC40,2023/12/07,3165
SC40,2023/12/08,3166
SC40,2023/12/09,3165
SC40,2023/12/10,3166
SC40,2023/12/11,3165
SC40,2023/12/12,3166
SC40,2023/12/13,3165
SC40,2023/12/14,3166
SC40,2023/12/15,3165
SC40,2023/12/16,3166
SC40,2023/12/17,3165
SC40,2023/12/18,3166
SC40,2023/12/19,3165
SC40,2023/12/20,3166
SC40,2023/12/21,3165
SC40,2023/12/22,3166
SC40,2023/12/23,3165
SC40,2023/12/24,3165
SC40,2023/12/25,3165
SC40,2023/12/26,3165
SC40,2023/12/27,3165
SC40,2023/12/28,3165
SC40,2023/12/29,3165
SC40,2023/12/30,3165
SC7,2023/12/01,33357
SC7,2023/12/02,34117
SC7,2023/12/03,34310
SC7,2023/12/04,34277
SC7,2023/12/05,34331
SC7,2023/12/06,34285
SC7,2023/12/07,34328
SC7,2023/12/08,34288
SC7,2023/12/09,34325
SC7,2023/12/10,34291
SC7,2023/12/11,34322
SC7,2023/12/12,34293
SC7,2023/12/13,34320
SC7,2023/12/14,34295
SC7,2023/12/15,34318
SC7,2023/12/16,34297
SC7,2023/12/17,34317
SC7,2023/12/18,34299
SC7,2023/12/19,34315
SC7,2023/12/20,34300
SC7,2023/12/21,34314
SC7,2023/12/22,34301
SC7,2023/12/23,34313
SC7,2023/12/24,34302
SC7,2023/12/25,34312
SC7,2023/12/26,34303
SC7,2023/12/27,34311
SC7,2023/12/28,34303
SC7,2023/12/29,34311
SC7,2023/12/30,34304
SC60,2023/12/01,61486
SC60,2023/12/02,61486
SC60,2023/12/03,61486
SC60,2023/12/04,61486
SC60,2023/12/05,61486
SC60,2023/12/06,61486
SC60,2023/12/07,61486
SC60,2023/12/08,61486
SC60,2023/12/09,61486
SC60,2023/12/10,61486
SC60,2023/12/11,61486
SC60,2023/12/12,61486
SC60,2023/12/13,61486
SC60,2023/12/14,61486
SC60,2023/12/15,61486
SC60,2023/12/16,61486
SC60,2023/12/17,61486
SC60,2023/12/18,61486
SC60,2023/12/19,61486
SC60,2023/12/20,61486
SC60,2023/12/21,61486
SC60,2023/12/22,61486
SC60,2023/12/23,61486
SC60,2023/12/24,61486
SC60,2023/12/25,61486
SC60,2023/12/26,61486
SC60,2023/12/27,61486
SC60,2023/12/28,61486
SC60,2023/12/29,61486
SC60,2023/12/30,61486
SC10,2023/12/01,39120
SC10,2023/12/02,38683
SC10,2023/12/03,38495
SC10,2023/12/04,38532
SC10,2023/12/05,38218
SC10,2023/12/06,38542
SC10,2023/12/07,39064
SC10,2023/12/08,39177
SC10,2023/12/09,39588
SC10,2023/12/10,39593
SC10,2023/12/11,39222
SC10,2023/12/12,39377
SC10,2023/12/13,39407
SC10,2023/12/14,39380
SC10,2023/12/15,39356
SC10,2023/12/16,39338
SC10,2023/12/17,39329
SC10,2023/12/18,39329
SC10,2023/12/19,39336
SC10,2023/12/20,39347
SC10,2023/12/21,39359
SC10,2023/12/22,39368
SC10,2023/12/23,39375
SC10,2023/12/24,39377
SC10,2023/12/25,39376
SC10,2023/12/26,39372
SC10,2023/12/27,39367
SC10,2023/12/28,39362
SC10,2023/12/29,39358
SC10,2023/12/30,39356
SC35,2023/12/01,29611
SC35,2023/12/02,30033
SC35,2023/12/03,30462
SC35,2023/12/04,30150
SC35,2023/12/05,30292
SC35,2023/12/06,30317
SC35,2023/12/07,30295
SC35,2023/12/08,30455
SC35,2023/12/09,30551
SC35,2023/12/10,30423
SC35,2023/12/11,30324
SC35,2023/12/12,30503
SC35,2023/12/13,30515
SC35,2023/12/14,30467
SC35,2023/12/15,30418
SC35,2023/12/16,30453
SC35,2023/12/17,30437
SC35,2023/12/18,30434
SC35,2023/12/19,30437
SC35,2023/12/20,30418
SC35,2023/12/21,30407
SC35,2023/12/22,30422
SC35,2023/12/23,30433
SC35,2023/12/24,30413
SC35,2023/12/25,30412
SC35,2023/12/26,30417
SC35,2023/12/27,30423
SC35,2023/12/28,30419
SC35,2023/12/29,30420
SC35,2023/12/30,30421
SC3,2023/12/01,12616
SC3,2023/12/02,12924
SC3,2023/12/03,13014
SC3,2023/12/04,12826
SC3,2023/12/05,12912
SC3,2023/12/06,12858
SC3,2023/12/07,12992
SC3,2023/12/08,13132
SC3,2023/12/09,13182
SC3,2023/12/10,13196
SC3,2023/12/11,13101
SC3,2023/12/12,13139
SC3,2023/12/13,13149
SC3,2023/12/14,13113
SC3,2023/12/15,13098
SC3,2023/12/16,13092
SC3,2023/12/17,13089
SC3,2023/12/18,13088
SC3,2023/12/19,13088
SC3,2023/12/20,13087
SC3,2023/12/21,13087
SC3,2023/12/22,13087
SC3,2023/12/23,13087
SC3,2023/12/24,13087
SC3,2023/12/25,13087
SC3,2023/12/26,13087
SC3,2023/12/27,13087
SC3,2023/12/28,13087
SC3,2023/12/29,13087
SC3,2023/12/30,13087
SC30,2023/12/01,3964
SC30,2023/12/02,3957
SC30,2023/12/03,3957
SC30,2023/12/04,3957
SC30,2023/12/05,3957
SC30,2023/12/06,3957
SC30,2023/12/07,3957
SC30,2023/12/08,3957
SC30,2023/12/09,3957
SC30,2023/12/10,3957
SC30,2023/12/11,3957
SC30,2023/12/12,3957
SC30,2023/12/13,3957
SC30,2023/12/14,3957
SC30,2023/12/15,3957
SC30,2023/12/16,3957
SC30,2023/12/17,3957
SC30,2023/12/18,3957
SC30,2023/12/19,3957
SC30,2023/12/20,3957
SC30,2023/12/21,3957
SC30,2023/12/22,3957
SC30,2023/12/23,3957
SC30,2023/12/24,3957
SC30,2023/12/25,3957
SC30,2023/12/26,3957
SC30,2023/12/27,3957
SC30,2023/12/28,3957
SC30,2023/12/29,3957
SC30,2023/12/30,3957
SC55,2023/12/01,3659
SC55,2023/12/02,3814
SC55,2023/12/03,3879
SC55,2023/12/04,3906
SC55,2023/12/05,3917
SC55,2023/12/06,3922
SC55,2023/12/07,3924
SC55,2023/12/08,3925
SC55,2023/12/09,3925
SC55,2023/12/10,3925
SC55,2023/12/11,3925
SC55,2023/12/12,3925
SC55,2023/12/13,3925
SC55,2023/12/14,3925
SC55,2023/12/15,3925
SC55,2023/12/16,3925
SC55,2023/12/17,3925
SC55,2023/12/18,3925
SC55,2023/12/19,3925
SC55,2023/12/20,3925
SC55,2023/12/21,3925
SC55,2023/12/22,3925
SC55,2023/12/23,3925
SC55,2023/12/24,3925
SC55,2023/12/25,3925
SC55,2023/12/26,3925
SC55,2023/12/27,3925
SC55,2023/12/28,3925
SC55,2023/12/29,3925
SC55,2023/12/30,3925
SC6,2023/12/01,28580
SC6,2023/12/02,29288
SC6,2023/12/03,29288
SC6,2023/12/04,29288
SC6,2023/12/05,29288
SC6,2023/12/06,29288
SC6,2023/12/07,29288
SC6,2023/12/08,29288
SC6,2023/12/09,29288
SC6,2023/12/10,29288
SC6,2023/12/11,29288
SC6,2023/12/12,29288
SC6,2023/12/13,29288
SC6,2023/12/14,29288
SC6,2023/12/15,29288
SC6,2023/12/16,29288
SC6,2023/12/17,29288
SC6,2023/12/18,29288
SC6,2023/12/19,29288
SC6,2023/12/20,29288
SC6,2023/12/21,29288
SC6,2023/12/22,29288
SC6,2023/12/23,29288
SC6,2023/12/24,29288
SC6,2023/12/25,29288
SC6,2023/12/26,29288
SC6,2023/12/27,29288
SC6,2023/12/28,29288
SC6,2023/12/29,29288
SC6,2023/12/30,29288
SC22,2023/12/01,9578
SC22,2023/12/02,9578
SC22,2023/12/03,9578
SC22,2023/12/04,9578
SC22,2023/12/05,9578
SC22,2023/12/06,9578
SC22,2023/12/07,9578
SC22,2023/12/08,9578
SC22,2023/12/09,9578
SC22,2023/12/10,9578
SC22,2023/12/11,9578
SC22,2023/12/12,9578
SC22,2023/12/13,9578
SC22,2023/12/14,9578
SC22,2023/12/15,9578
SC22,2023/12/16,9578
SC22,2023/12/17,9578
SC22,2023/12/18,9578
SC22,2023/12/19,9578
SC22,2023/12/20,9578
SC22,2023/12/21,9578
SC22,2023/12/22,9578
SC22,2023/12/23,9578
SC22,2023/12/24,9578
SC22,2023/12/25,9578
SC22,2023/12/26,9578
SC22,2023/12/27,9578
SC22,2023/12/28,9578
SC22,2023/12/29,9578
SC22,2023/12/30,9578
SC56,2023/12/01,1905
SC56,2023/12/02,1924
SC56,2023/12/03,1933
SC56,2023/12/04,1938
SC56,2023/12/05,1941
SC56,2023/12/06,1942
SC56,2023/12/07,1942
SC56,2023/12/08,1943
SC56,2023/12/09,1943
SC56,2023/12/10,1943
SC56,2023/12/11,1943
SC56,2023/12/12,1943
SC56,2023/12/13,1943
SC56,2023/12/14,1943
SC56,2023/12/15,1943
SC56,2023/12/16,1943
SC56,2023/12/17,1943
SC56,2023/12/18,1943
SC56,2023/12/19,1943
SC56,2023/12/20,1943
SC56,2023/12/21,1943
SC56,2023/12/22,1943
SC56,2023/12/23,1943
SC56,2023/12/24,1943
SC56,2023/12/25,1943
SC56,2023/12/26,1943
SC56,2023/12/27,1943
SC56,2023/12/28,1943
SC56,2023/12/29,1943
SC56,2023/12/30,1943
SC25,2023/12/01,45795
SC25,2023/12/02,45795
SC25,2023/12/03,45795
SC25,2023/12/04,45795
SC25,2023/12/05,45795
SC25,2023/12/06,45795
SC25,2023/12/07,45795
SC25,2023/12/08,45795
SC25,2023/12/09,45795
SC25,2023/12/10,45795
SC25,2023/12/11,45795
SC25,2023/12/12,45795
SC25,2023/12/13,45795
SC25,2023/12/14,45795
SC25,2023/12/15,45795
SC25,2023/12/16,45795
SC25,2023/12/17,45795
SC25,2023/12/18,45795
SC25,2023/12/19,45795
SC25,2023/12/20,45795
SC25,2023/12/21,45795
SC25,2023/12/22,45795
SC25,2023/12/23,45795
SC25,2023/12/24,45795
SC25,2023/12/25,45795
SC25,2023/12/26,45795
SC25,2023/12/27,45795
SC25,2023/12/28,45795
SC25,2023/12/29,45795
SC25,2023/12/30,45795
